"Category","RGS","AC","PValue","Bonferroni"
"Non-coding RNA: tRNA",140,712,3.61297066338921e-42,3.14328447714861e-40
"Unassigned",429,6343,5.19635585218985e-15,4.52082959140517e-13
"Extracellular material: collagen",40,184,7.77724371624033e-15,6.76620203312909e-13
"Pseudogene",153,2081,4.53355510245203e-09,3.94419293913327e-07
"Proteolysis proteasome: E3",61,590,5.24245987359551e-09,4.56094009002809e-07
"Transcription factor: T box",7,21,0.00010834057772928,0.00942563026244736
