"Category","RGS","AC","PValue","Bonferroni"
"Unassigned",429,6343,5.19635585218985e-15,1.24712540452556e-13
"Extracellular material",58,495,1.92943342745976e-10,4.63064022590342e-09
"Pseudogene",153,2081,4.53355510245203e-09,1.08805322458849e-07
"Proteolysis proteasome",64,733,6.06024879195134e-07,1.45445971006832e-05
